{
  "version": 3,
  "cmakeMinimumRequired": {
    "major": 3,
    "minor": 23,
    "patch": 0
  },
  "configurePresets": [
    {
      "name": "dev",
      "displayName": "Developer Mode",
      "description": "Builds Glaze w/ tests and downloaded test dependencies",
      "binaryDir": "${sourceDir}/build",
      "generator": "Ninja",
      "cacheVariables": {
        "CMAKE_BUILD_TYPE": "Debug",
        "glaze_DEVELOPER_MODE": true,
        "BUILD_TESTING": true
      }
    },
    {
      "name": "release",
      "displayName": "Release",
      "description": "Optimized library build of exclusively library",
      "binaryDir": "${sourceDir}/build-release",
      "generator": "Ninja",
      "cacheVariables": {
        "CMAKE_BUILD_TYPE": "Release",
        "glaze_DEVELOPER_MODE": false,
        "BUILD_TESTING": false
      }
    }
  ],
  "testPresets": [
    {
      "name": "all",
      "displayName": "Automated Tests",
      "configurePreset": "dev",
      "output": {
        "verbosity": "verbose",
        "outputOnFailure": true
      }
    }
  ]
}
